Index,CustomerId,FirstName,LastName,Company,City,Country,Phone1,Phone2,Email,SubscriptionDate,Website
1,ffeCAb7AbcB0f07,Jared,Jarvis,Sanchez-Fletcher,Hatfieldshire,Eritrea,274.188.8773x41185,001-215-760-4642x969,gabriellehartman@benjamin.com,2021-11-11,https://www.mccarthy.info/
2,b687FfC4F1600eC,Marie,Malone,Mckay PLC,Robertsonburgh,Botswana,283-236-9529,(189)129-8356x63741,kstafford@sexton.com,2021-05-14,http://www.reynolds.com/
3,9FF9ACbc69dcF9c,Elijah,Barrera,Marks and Sons,Kimbury,Barbados,8252703789,459-916-7241x0909,jeanettecross@brown.com,2021-03-17,https://neal.com/
4,b49edDB1295FF6E,Sheryl,Montgomery,"Kirby, Vaughn and Sanders",Briannaview,Antarctica (the territory South of 60 deg S),425.475.3586,(392)819-9063,thomassierra@barrett.com,2020-09-23,https://www.powell-bryan.com/
5,3dcCbFEB17CCf2E,Jeremy,Houston,Lester-Manning,South Brianna,Micronesia,+1-223-666-5313x4530,252-488-3850x692,rubenwatkins@jacobs-wallace.info,2020-09-18,https://www.carrillo.com/
6,75bEe1B33E517AF,Frank,Villarreal,"Craig, Dennis and Maddox",Reidtown,Panama,+1-165-340-7100x44099,(847)867-2795x043,gmurillo@perez.com,2022-01-13,https://patel.org/
7,CB8b29B8Fbbbe58,Rickey,Fox,"Benson, Gray and Fitzpatrick",Mcintoshberg,United States of America,426.446.3838,437.476.4705,melissabenitez@le.info,2021-11-05,http://www.irwin-donaldson.com/
8,56b3cEA1E6A49F1,Barry,Ware,Glenn Ltd,Lake Pedrofort,American Samoa,101-419-0208x043,931.542.3115x98926,brent60@lopez.com,2022-05-12,https://www.bean.biz/
9,f9443f5f6AF0Da0,Carl,Mcdowell,Davila-Leach,Petersbury,Saint Vincent and the Grenadines,+1-740-392-0511,+1-218-891-5403x7270,toddharris@lowery-rosario.biz,2022-05-28,https://www.burnett.com/
10,C99b63E0d92C565,Pam,Dalton,Mckenzie Ltd,Hillside,Tanzania,0389689232,344-952-1181x6911,carolbanks@vang-stafford.com,2022-03-04,http://www.maxwell-bradford.com/
11,b1fCaAD09148Dd1,Kayla,Pittman,Harrell Ltd,New Brookemouth,Central African Republic,633-378-8507x08686,(190)038-4820x9432,cassidy83@irwin.com,2020-08-29,http://holder-cordova.org/
12,eF43a70995dabAB,Terrance,Hayes,Ellis-Cordova,Jessestad,Falkland Islands (Malvinas),519.472.4385x034,758.356.4238,baxtercandice@coleman.com,2021-11-07,https://www.andrade.com/
13,cEA448DC747CD99,Aaron,Davies,Lowe LLC,South Travis,Sudan,+1-526-648-0493x3641,001-629-948-5626x84672,arellanoselena@mclean.com,2021-11-22,http://chavez.com/
14,cEa38D4ADF0ebC5,Eric,Tyler,Gould Group,Joannaport,Faroe Islands,(762)013-7190x086,912.928.9214x9302,ernest05@cannon.info,2020-01-07,http://www.blackburn-myers.com/
15,Ec9f728BBdC2bb7,Edwin,Crawford,Campbell-Hutchinson,Port Heidi,Bangladesh,497.080.4450x952,164-499-8902,lauriebishop@berry-simpson.org,2021-12-23,http://ayala.net/
16,fef3b52EDD2ebD4,Lindsay,Luna,Miles-Hawkins,Port Jadebury,Estonia,+1-463-484-7621x566,001-595-926-8017x58375,rhuff@kennedy.info,2021-11-16,https://www.mullen.com/
17,F195BCed9A70fc0,Victoria,Morrison,Simpson-Brennan,Mercedesville,Venezuela,132-937-2584x881,+1-407-680-9069x78947,ksimmons@morton.com,2020-05-04,http://hester.com/
18,df7fC8E9026B7Cf,Eugene,Avery,Mccarthy-Mccoy,Makaylaport,Nauru,717-466-4199x3096,001-810-178-3912x975,clairesloan@rivas.com,2021-12-19,http://rosario.com/
19,9FC4c78AadC7F3D,Sonya,Oneill,"Kennedy, Pugh and Barnes",East Robertaville,Saint Kitts and Nevis,214.441.5670x2817,+1-502-572-9047,randallangelica@bass-curry.com,2020-06-14,https://vaughn.com/
20,A17101c33AfdF5f,Norma,Coleman,Christian Ltd,New Colinfurt,Ghana,447-309-9813,+1-161-021-8844,kristinewatson@houston.com,2021-05-22,https://mullen-kidd.com/
21,574feCd3Ee74B49,Jamie,Meadows,"Pruitt, Krause and Figueroa",Evanland,San Marino,+1-607-351-5883x16680,(180)536-1459x3575,wbrewer@hatfield-nichols.info,2021-04-30,http://www.wells.com/
22,FEb95A7aee9F757,Gwendolyn,Cameron,Clark Inc,East Daleland,Yemen,6851490931,425.132.5784x7864,kaylee45@rice.org,2020-11-07,https://hensley-blackburn.info/
23,Fb7eA1aE7f17BEE,Fernando,Black,Tapia PLC,East Todd,Barbados,+1-719-964-8085,398.049.0799,rvilla@farley-evans.com,2020-06-20,https://herman.com/
24,7Add98ac5adEB63,Arthur,Miller,"Woodward, Pruitt and Norris",East Casey,Azerbaijan,(302)810-8615,992.121.7802,stephaniebutler@armstrong.com,2020-02-01,http://www.middleton.com/
25,EdbC674D64f4cDe,Daisy,Holt,Carlson PLC,West Deannaton,Libyan Arab Jamahiriya,001-912-416-9352x321,(473)636-8386x166,oconnelldarrell@white-cooke.com,2020-08-19,http://zuniga.info/
26,C2DC1Fc72bdC10D,Derrick,Bates,Walls-Rangel,New Diana,Saint Helena,2121534695,(760)075-0100x50042,jmathews@lopez.com,2022-03-16,https://harrell.net/
27,62fe755BC0CdC82,Margaret,Martin,"Hutchinson, Ewing and Haney",Grantbury,Swaziland,(994)035-3044x21645,+1-300-521-7607x263,sophiaperkins@cervantes.org,2022-04-28,https://ponce-townsend.com/
28,2e2A8dfB4E6b1fB,Evelyn,Lin,"Kline, Dennis and Patrick",East Krystal,Malaysia,(365)587-6931x70669,266.940.6480x4611,whitneyphillips@fritz.org,2020-07-20,https://jimenez.org/
29,c6b0bdCA50CC36E,Jackie,Schwartz,Patrick-Mathews,Port Kaylee,Zambia,460.343.5510,3531661505,jermaine57@mckay-garza.com,2020-11-05,http://moon-salazar.com/
30,FBFdf57daEDdB23,Derek,Mccarty,Mckinney-Gates,New Fred,Korea,139-153-2491x429,678.142.1756,manningelaine@gilmore.com,2021-06-27,https://www.douglas-fleming.com/
31,45cccfCb4FfE2bc,Martha,Bates,Torres PLC,Lake Courtneyport,Uzbekistan,(414)875-1993x20892,001-182-878-3214x3456,parkpam@berry.com,2020-10-30,https://gilbert-davies.com/
32,DA6276b0AFaeEf9,Bonnie,Ashley,"Frey, Riggs and Raymond",Kramerstad,Lao People's Democratic Republic,223-395-5762,586-963-5849,christine88@hogan.com,2021-01-18,https://holden.org/
33,60062afe1E3DA5b,Tina,Perry,"Delacruz, Orozco and Gonzalez",Laceyville,Mongolia,(865)772-7274,(666)344-2482x00123,xvang@abbott.com,2020-09-27,http://wood.net/
34,B0Cbb4e7B655D5A,James,Rush,Schmidt Group,West Herbert,Saint Kitts and Nevis,(368)251-7910x824,488.747.4904x403,brandychang@neal-adams.net,2021-12-18,http://montoya.info/
35,CEd62DDaBa6DED1,Claudia,Dennis,Cox-Figueroa,Villaside,Turks and Caicos Islands,001-124-162-5942x54107,(534)301-0613x356,kelli44@conley-dalton.com,2021-05-29,https://sosa.biz/
36,feAffaaeaeEfF02,Adam,West,"Elliott, Hoffman and Martin",Lake Kennethton,Kenya,574.218.5715x831,(929)687-7219x134,claytonortiz@curry.com,2020-01-11,http://www.buchanan.org/
37,EC59E1eE2bEFA9c,Kimberly,Lewis,Johns-Howell,Browningville,Tajikistan,+1-831-588-0795x0322,582.839.1813,creyes@meyer.com,2022-04-06,http://velazquez.org/
38,a2aCDFF5da1CDBD,Rebecca,Gregory,"Moon, Hull and Ferrell",North Teresahaven,Somalia,+1-493-786-4546,031-241-6186,garrett37@moreno-harris.com,2020-03-09,http://barton.com/
39,91e5fEE1C8fECbb,Teresa,Moreno,Copeland-Romero,Port Marcus,Bahamas,001-982-682-1140x758,001-907-267-4542,roblesnorman@barber.biz,2020-09-01,https://www.cooke.net/
40,06bDd08a9FdC9bF,Julian,Horn,"Herman, Calhoun and Holt",Phyllisland,Samoa,+1-193-394-4602x348,914-974-3568,bethashley@harding.com,2022-05-05,http://gould-parrish.com/
